id,name
1,Morty Smith
2,Lucius Malfoy
3,Elizabeth Hoover
4,Carter Pewterschmidt
5,Joey Tribbiani
6,Crazy Cat Lady
7,Allison Taylor
8,Nyota Uhuru
9,Phineas Nigellus Black
10,Augusta Longbottom
11,Peter Griffin
12,Mary Cattermole
13,Travis Mayweather
14,Hammond Druthers
15,Radioactive Man
16,Janice Goralnik
17,Dave Shutton
18,George Van Smoot
19,Natasha Yar
20,Jar Jar Binks
21,Kathryn Janeway
22,Baby Legs
23,Marshall Eriksen
24,Karen Griffin
25,Ted Mosby
26,Darth Sidious
27,Wedge Antilles
28,Poor Violet
29,Dudley Dursley
30,Darth Vader
31,William Zabka
32,Jabba the Hutt
33,Deanna Troi
34,Ben Solo
35,Zoey Pierson
36,Ross Geller
37,Beverly Crusher
38,Mickey Aldrin
39,Remus Lupin
40,Tricia Takanawa
41,Padme Amidala
42,Benjamin Sisko
43,Wendy the Waitress
44,Kingsley Shacklebolt
45,Don Frank
46,Miss Chanandler Bong
47,Wilky Twycross
48,Rabastan Lestrange
49,Stewie Griffin
50,Bonnie Swanson
51,Coach Lugash
52,Arthur Weasley
53,Monica Geller
54,Nelson Muntz
55,Rachel Green
56,Sanjay Nahasapeemapetilon
57,Malcolm Reed
58,Cousin Nicky
59,Joyce Kinney
60,Mayor Adam West
61,Richard Burke
62,Scott Christian
63,Reverend Timothy Lovejoy
64,Johnny Tightlips
65,Mace Windu
66,Pavel Chekov
67,Kylo Ren
68,Sandy Rivers
69,Lois Griffin
70,Alan Thicke
71,Virginia Mosby
72,Count Dooku
73,Brandine Spuckler
74,Evil Morty
75,Snake Jailbird
76,Bail Organa
77,Gary Blauman
78,Barabara Pewterschmidt
79,Ranjit Singh
80,Mort Goldman
81,Geordi La Forge
82,Rune Haako
83,Lily Aldrin
84,Waylon Smithers
85,Principal Shephard
86,Montgomery Scott
87,Jonathan Archer
88,Doug Martin
89,Stuart Bowers
90,Obi-Wan Kenobi
91,Penny Mosby
92,Shrimply Pibbles
93,Quinn Garvey
94,Ling Bouvier
95,Evil Monkey
96,Chris Griffin
97,Meg Griffin
98,Stella Zinman
99,Sturgis Podmore
100,Poe Dameron
